{
  "a1": {
    "y": [
      8.04, 
      6.95, 
      7.58, 
      8.81, 
      8.33, 
      9.96, 
      7.24, 
      4.26, 
      10.84, 
      4.82, 
      5.68
    ], 
    "x": [
      10, 
      8, 
      13, 
      9, 
      11, 
      14, 
      6, 
      4, 
      12, 
      7, 
      5
    ], 
    "cooks": [
      6.13978807921968e-05, 
      0.000104246723218346, 
      0.489209275774335, 
      0.0616369989508526, 
      0.00159934187639652, 
      0.000382899511122252, 
      0.126756484751495, 
      0.122699896340297, 
      0.27902959337588, 
      0.154341222372027, 
      0.00426801142667734
    ], 
    "quantile": [
      0.0332439747060959, 
      -0.0433179064352171, 
      -1.63771133202482, 
      1.11588166845639, 
      -0.145839534724648, 
      -0.0352587610519202, 
      1.05644547125458, 
      -0.631170568720647, 
      1.56742628526857, 
      -1.43266807544596, 
      0.152968778717564
    ], 
    "error": [
      0.038999999999999, 
      -0.0508181818181821, 
      -1.92127272727273, 
      1.30909090909091, 
      -0.171090909090909, 
      -0.0413636363636357, 
      1.23936363636364, 
      -0.740454545454545, 
      1.83881818181818, 
      -1.68072727272727, 
      0.179454545454545
    ]
  }, 
  "a3": {
    "y": [
      7.46, 
      6.77, 
      12.74, 
      7.11, 
      7.81, 
      8.84, 
      6.08, 
      5.39, 
      8.15, 
      6.42, 
      5.73
    ], 
    "x": [
      10, 
      8, 
      13, 
      9, 
      11, 
      14, 
      6, 
      4, 
      12, 
      7, 
      5
    ], 
    "cooks": [
      0.0117646225857928, 
      0.00214148127405174, 
      1.39284945025107, 
      0.00547313537024746, 
      0.0259838693465045, 
      0.300570810724506, 
      0.000517641076720796, 
      0.033817333563048, 
      0.0595359332877321, 
      0.000354629303376175, 
      0.00694780839315189
    ], 
    "quantile": [
      -0.460177364224132, 
      -0.196333040858973, 
      2.76338948784212, 
      -0.332518257120012, 
      -0.587836471328246, 
      -0.987866010954444, 
      0.0675112825061848, 
      0.331355605871341, 
      -0.724021687589286, 
      -0.0686739337548555, 
      0.195170389610302
    ], 
    "error": [
      -0.539727272727276, 
      -0.230272727272728, 
      3.24109090909091, 
      -0.389999999999999, 
      -0.689454545454545, 
      -1.15863636363636, 
      0.0791818181818186, 
      0.388636363636364, 
      -0.849181818181817, 
      -0.0805454545454541, 
      0.228909090909091
    ]
  }, 
  "a2": {
    "y": [
      9.14, 
      8.14, 
      8.74, 
      8.77, 
      9.26, 
      8.1, 
      6.13, 
      3.1, 
      9.13, 
      7.26, 
      4.74
    ], 
    "x": [
      10, 
      8, 
      13, 
      9, 
      11, 
      14, 
      6, 
      4, 
      12, 
      7, 
      5
    ], 
    "cooks": [
      0.0523253282572325, 
      0.0523253282572324, 
      0.0766572464822465, 
      0.0578706499704367, 
      0.0314518390187984, 
      0.807869303784104, 
      0.00137383643085486, 
      0.807869303784103, 
      0.00137383643085488, 
      0.0314518390187984, 
      0.0766572464822465
    ], 
    "quantile": [
      0.970492611321788, 
      0.970492611321788, 
      -0.648285966222136, 
      1.08125114557479, 
      0.646736895813002, 
      -1.61955311274849, 
      0.109983999048439, 
      -1.61955311274849, 
      0.109983999048439, 
      0.646736895813003, 
      -0.648285966222136
    ], 
    "error": [
      1.13909090909091, 
      1.13909090909091, 
      -0.760909090909091, 
      1.26909090909091, 
      0.759090909090909, 
      -1.90090909090909, 
      0.129090909090909, 
      -1.90090909090909, 
      0.12909090909091, 
      0.759090909090909, 
      -0.760909090909091
    ]
  }, 
  "a4": {
    "y": [
      6.58, 
      5.76, 
      7.71, 
      8.84, 
      8.47, 
      7.04, 
      5.25, 
      12.5, 
      5.56, 
      7.91, 
      6.89
    ], 
    "x": [
      8, 
      8, 
      8, 
      8, 
      8, 
      8, 
      8, 
      19, 
      8, 
      8, 
      8
    ], 
    "cooks": [
      0.00716516600865082, 
      0.0622594999563802, 
      0.0203214426368309, 
      0.13671794558337, 
      0.087237991239013, 
      6.14881291527244e-05, 
      0.123946525621549, 
      "NaN", 
      0.0839440709475179, 
      0.0334033352034457, 
      0.000498090229645427
    ], 
    "quantile": [
      -0.35912809435592, 
      -1.05861749428906, 
      0.604802420186094, 
      1.5687329347281, 
      1.25310966890462, 
      0.0332683982895034, 
      -1.49366577961333, 
      1.07620459712723e-18, 
      -1.22922466500446, 
      0.775409590901494, 
      -0.094686979747047
    ], 
    "error": [
      -0.421000000000003, 
      -1.241, 
      0.709, 
      1.839, 
      1.469, 
      0.0390000000000005, 
      -1.751, 
      1.11022302462516e-16, 
      -1.441, 
      0.909000000000001, 
      -0.111
    ]
  }
}